country_name,year,v2x_polyarchy,v2x_libdem
Poland,1990,0.74,0.66
Poland,1991,0.866,0.783
Poland,1992,0.888,0.804
Poland,1993,0.887,0.808
Poland,1994,0.89,0.811
Poland,1995,0.889,0.81
Poland,1996,0.882,0.802
Poland,1997,0.871,0.792
Poland,1998,0.876,0.796
Poland,1999,0.876,0.798
Poland,2000,0.878,0.8
Poland,2001,0.882,0.806
Poland,2002,0.882,0.813
Poland,2003,0.882,0.813
Poland,2004,0.882,0.813
Poland,2005,0.884,0.815
Poland,2006,0.877,0.807
Poland,2007,0.874,0.803
Poland,2008,0.891,0.825
Poland,2009,0.891,0.825
Poland,2010,0.892,0.827
Poland,2011,0.893,0.827
Poland,2012,0.893,0.825
Poland,2013,0.89,0.821
Poland,2014,0.882,0.812
Poland,2015,0.876,0.775
Poland,2016,0.731,0.598
Poland,2017,0.698,0.542
Poland,2018,0.694,0.524
Poland,2019,0.682,0.505
Poland,2020,0.616,0.45
Poland,2021,0.587,0.424
Poland,2022,0.578,0.417
Poland,2023,0.598,0.457
Poland,2024,0.73,0.613
Germany,1990,0.892,0.853
Germany,1991,0.893,0.853
Germany,1992,0.893,0.853
Germany,1993,0.893,0.853
Germany,1994,0.893,0.853
Germany,1995,0.893,0.853
Germany,1996,0.893,0.854
Germany,1997,0.893,0.854
Germany,1998,0.894,0.856
Germany,1999,0.899,0.86
Germany,2000,0.899,0.86
Germany,2001,0.899,0.86
Germany,2002,0.898,0.859
Germany,2003,0.896,0.857
Germany,2004,0.896,0.857
Germany,2005,0.896,0.859
Germany,2006,0.902,0.864
Germany,2007,0.902,0.864
Germany,2008,0.902,0.864
Germany,2009,0.9,0.862
Germany,2010,0.898,0.862
Germany,2011,0.9,0.864
Germany,2012,0.899,0.863
Germany,2013,0.892,0.853
Germany,2014,0.885,0.845
Germany,2015,0.883,0.845
Germany,2016,0.888,0.848
Germany,2017,0.889,0.842
Germany,2018,0.881,0.834
Germany,2019,0.878,0.831
Germany,2020,0.87,0.821
Germany,2021,0.863,0.814
Germany,2022,0.855,0.806
Germany,2023,0.855,0.812
Germany,2024,0.825,0.778
Hungary,1990,0.799,0.715
Hungary,1991,0.843,0.757
Hungary,1992,0.843,0.757
Hungary,1993,0.843,0.757
Hungary,1994,0.842,0.755
Hungary,1995,0.844,0.756
Hungary,1996,0.844,0.756
Hungary,1997,0.844,0.757
Hungary,1998,0.84,0.754
Hungary,1999,0.839,0.75
Hungary,2000,0.839,0.75
Hungary,2001,0.839,0.75
Hungary,2002,0.842,0.755
Hungary,2003,0.843,0.759
Hungary,2004,0.843,0.759
Hungary,2005,0.843,0.754
Hungary,2006,0.831,0.742
Hungary,2007,0.85,0.765
Hungary,2008,0.85,0.766
Hungary,2009,0.85,0.766
Hungary,2010,0.808,0.677
Hungary,2011,0.778,0.639
Hungary,2012,0.773,0.621
Hungary,2013,0.738,0.575
Hungary,2014,0.669,0.521
Hungary,2015,0.617,0.477
Hungary,2016,0.613,0.474
Hungary,2017,0.555,0.432
Hungary,2018,0.481,0.373
Hungary,2019,0.466,0.364
Hungary,2020,0.46,0.351
Hungary,2021,0.45,0.346
Hungary,2022,0.447,0.335
Hungary,2023,0.434,0.323
Hungary,2024,0.444,0.325
